﻿{"cameraMode":{"drawMode":0,"name":"Shaded","section":"Shading Mode"},"sceneLighting":true,"audioPlay":false,"sceneViewState":{"showFog":false,"showMaterialUpdate":false,"showSkybox":false,"showFlares":false,"showImageEffects":false,"showParticleSystems":false},"in2DMode":false,"pivot":{"x":-1.9874937534332276,"y":-0.06000000238418579,"z":0.0},"rotation":{"x":-0.13741153478622437,"y":0.2171146422624588,"z":-0.030886000022292138,"w":-0.9659327268600464},"size":1.239465355873108,"orthographic":false}